/*
Navicat MySQL Data Transfer

Source Server         : localhost
Source Server Version : 50714
Source Host           : localhost:3306
Source Database       : homepage

Target Server Type    : MYSQL
Target Server Version : 50714
File Encoding         : 65001

Date: 2019-03-20 21:29:45
*/

SET FOREIGN_KEY_CHECKS=0;

-- ----------------------------
-- Table structure for diary
-- ----------------------------
DROP TABLE IF EXISTS `diary`;
CREATE TABLE `diary` (
  `ID` int(11) NOT NULL AUTO_INCREMENT,
  `uploadDate` timestamp NULL DEFAULT CURRENT_TIMESTAMP ON UPDATE CURRENT_TIMESTAMP,
  `title` varchar(20) DEFAULT NULL,
  `content` longtext,
  `commentNum` int(11) DEFAULT '0',
  `user_id` int(11) NOT NULL,
  `category_id` int(11) DEFAULT NULL,
  `tag_id` int(11) DEFAULT NULL,
  PRIMARY KEY (`ID`)
) ENGINE=InnoDB AUTO_INCREMENT=28 DEFAULT CHARSET=utf8;

-- ----------------------------
-- Records of diary
-- ----------------------------
INSERT INTO `diary` VALUES ('4', '2019-03-13 19:27:19', 'hello1', 'I am doing', '0', '1', '12', null);
INSERT INTO `diary` VALUES ('5', '2019-03-13 19:29:19', 'hello2', 'the same category,now the diaNum should be 2 in dia_category table', '0', '1', '12', null);
INSERT INTO `diary` VALUES ('6', '2019-03-13 19:35:46', 'hello2', 'the same category,now the diaNum should be 6 in dia_category table', '0', '1', '12', null);
INSERT INTO `diary` VALUES ('7', '2019-03-13 19:36:54', 'hello2', 'the same category,now the diaNum should be 6 in dia_category table', '0', '1', '12', null);
INSERT INTO `diary` VALUES ('8', '2019-03-13 19:38:31', 'hello2', 'the same category,now the diaNum should be 6 in dia_category table', '0', '1', '12', null);
INSERT INTO `diary` VALUES ('9', '2019-03-18 16:43:05', 'hello2', 'the same category,now the diaNum should be 6 in dia_category table', '1', '1', '12', null);
INSERT INTO `diary` VALUES ('10', '2019-03-18 16:44:11', 'math1', 'I am doing math1', '1', '1', '16', null);
INSERT INTO `diary` VALUES ('11', '2019-03-18 16:44:04', 'math2', 'I am doing math1', '1', '1', '16', null);
INSERT INTO `diary` VALUES ('12', '2019-03-17 10:11:36', 'happy', '欢迎使用 wangEditor 富文本编辑器', '1', '6', '17', null);
INSERT INTO `diary` VALUES ('13', '2019-03-13 21:48:48', 'happy', '欢迎使用 wangEditor 富文本编辑器', '0', '6', '18', null);
INSERT INTO `diary` VALUES ('14', '2019-03-13 21:49:18', 'happy', '欢迎使用 wangEditor 富文本编辑器', '0', '6', '19', null);
INSERT INTO `diary` VALUES ('15', '2019-03-13 21:50:11', 'happy', '欢迎使用 wangEditor 富文本编辑器', '0', '6', '20', null);
INSERT INTO `diary` VALUES ('16', '2019-03-13 22:29:58', 'sun1', 'Iterates through the array displaying each number as both a word and numeral&nbsp;&nbsp;', '0', '6', '18', null);
INSERT INTO `diary` VALUES ('17', '2019-03-13 22:32:16', 'sun1', 'Iterates through the array displaying each number as both a word and numeral&nbsp;&nbsp;', '0', '6', '18', null);
INSERT INTO `diary` VALUES ('18', '2019-03-16 23:41:55', 'happy day', 'how are you.Fine,thanks.&nbsp;&nbsp;', '0', '1', '12', null);
INSERT INTO `diary` VALUES ('19', '2019-03-18 16:49:57', 'happy day', 'how are you.Fine,thanks.&nbsp;&nbsp;', '2', '1', '22', null);
INSERT INTO `diary` VALUES ('20', '2019-03-18 16:42:36', 'happyCSDN ', 'window.location.reload()刷新当前页面.parent.location.reload()刷新父亲对象（用于框架）opener.location.reload()刷新父窗口对象（用于单开窗口）top.location.reload()刷新最顶端对象（用于多开窗口）--------------------- 作者：IT_LOSER 来源：CSDN 原文：https://blog.csdn.net/it_loser/article/details/51542999 版权声明：本文为博主原创文章，转载请附上博文链接！', '1', '1', '12', null);
INSERT INTO `diary` VALUES ('21', '2019-03-19 17:09:51', 'happy', '欢迎使用 wangEditor 富文本编辑器.,;ljhkhjhj', '4', '1', '12', null);
INSERT INTO `diary` VALUES ('22', '2019-03-19 17:09:21', 'happy', '#include &lt;stdio.h&gt;int main() {&nbsp; &nbsp;}', '4', '1', '12', null);
INSERT INTO `diary` VALUES ('23', '2019-03-19 17:29:33', '换行吧', '<p>哈哈哈哈</p><p>金发地飞机</p><p>哦if聚合物饿哦IE竟然覅</p><p><br></p>', '9', '1', '22', null);
INSERT INTO `diary` VALUES ('24', '2019-03-20 20:41:13', 'none category faile', '<p>欢迎使用 <b>wangEditor</b> 富文本编辑器</p><p><br></p>', '0', '10', '23', null);
INSERT INTO `diary` VALUES ('25', '2019-03-20 20:45:43', 'happy', '<p>欢迎使用 <b>wangEditor</b> 富文本编辑器</p><p><br></p>', '0', '10', '23', null);
INSERT INTO `diary` VALUES ('26', '2019-03-20 20:52:11', 'happy', '<div><p>&nbsp;&nbsp;</p><h1>直泄天机：欲点长明灯，当用添油法——七星灯法</h1><p>&nbsp; &nbsp; &nbsp; &nbsp; &nbsp; &nbsp; &nbsp; &nbsp; &nbsp;</p><p>&nbsp; <span style=\"font-style: italic;\">&nbsp; &nbsp; ――来源于东方修炼学 </span><br></p><p><span style=\"font-weight: bold;\">勿具年龄大，</span>体质差，只要一息尚存，皆可复命。涵养本源为先，救护命宝为急。欲点长明灯，当用添油法。添油则需知窍，油不添入窍中，则如油无灯盏相乘。故知窍方可添油。非添油，则不能接命，命不接，则性难恋留，性不留，一旦无常到来，则性命分离，尸腐灵散。何为知窍？添油接命之窍，传统上称为本命七星灯。所谓七星灯，就是指身内七个大的、关键的、能吸收和转换高维空间生命能量炁光的穴位。这七个穴位，分布在人体，如果站在其左侧观之，就正好是一个斗口朝前下方的北斗七星图案。其穴位名称及七星名称分别是：</p><p><span style=\"font-size: xx-large;\"><span id=\"pos_placeholder\" style=\"width: 0px; height: 0px; visibility: hidden; margin: 0px; padding: 0px;\"></span>膻中穴：为贫狼星灯；</span></p><p><span style=\"font-size: xx-large;\">天目穴前方虚悬一穴：巨门星灯；</span></p><p><span style=\"font-size: xx-large;\">泥丸穴：为禄存星灯；</span></p><p><span style=\"text-decoration-line: underline;\">夹脊穴：为文曲星灯；</span></p><p><span style=\"text-decoration-line: line-through;\"> 命门穴：为廉贞星灯；</span></p><p><span style=\"color: rgb(139, 170, 74);\">丹田炁穴：为武曲星灯；</span></p><p><span style=\"background-color: rgb(28, 72, 127);\">海底穴：为天罡星灯。</span></p><p><a href=\"https://www.baidu.com\" target=\"_blank\">百度啊啊啊</a><span style=\"background-color: rgb(28, 72, 127);\"><br></span></p><ol><li>此本命七穴，构成人身内本命七星灯，欲点长明灯，当用添油法。孔明当年用外七星斗法以求续命，岂知尚有七斗星灯在身中？徐庶知时达命潜修得道，乃知内七星灯之妙也。 七星灯所主持的七个穴位，全部是性命双修关键所在。</li></ol><blockquote><ol><li>丹经有云：“由此向上一着，千圣秘而不传，后世学徒所以罕闻、罕遇。人若明得此窍，真可以夺神功，改天命。” 七星灯法就是此：“由此向上一首”，千圣秘而不传之穴法。吾令直泄千古天机，愿诚修者志心朝礼，善待秘法，广度有缘。特别是中老年命体残破者，愿此法助尔勘破生死机关，共品众妙归根之乐。</li></ol></blockquote></div><img src=\"http://img.t.sinajs.cn/t4/appstyle/expression/ext/normal/40/pcmoren_tian_org.png\" alt=\"[舔屏]\" data-w-e=\"1\"><br>作者：华夏道藏<br>链接：https://www.jianshu.com/p/c7a8ec4b9e11<br>来源：简书<br>简书著作权归作者所有，任何形式的转载都请联系作者获得授权并注明出处。<br>', '1', '10', '23', null);
INSERT INTO `diary` VALUES ('27', '2019-03-20 20:59:08', 'happy', '<p><br></p><p><img src=\"data:image/jpeg;base64,/9j/4AAQSkZJRgABAQEASABIAAD/4RCyRXhpZgAATU0AKgAAAAgAAodpAAQAAAABAAAIMuocAAcAAAgMAAAAJgAAAAAc6gAAAAgAAAAAAAAAAAAAAAAAAAAAAAAAAAAAAAAAAAAAAAAAAAAAAAAAAAAAAAAAAAAAAAAAAAAAAAAAAAAAAAAAAAAAAAAAAAAAAAAAAAAAAAAAAAAAAAAAAAAAAAAAAAAAAAAAAAAAAAAAAAAAAAAAAAAAAAAAAAAAAAAAAAAAAAAAAAAAAAAAAAAAAAAAAAAAAAAAAAAAAAAAAAAAAAAAAAAAAAAAAAAAAAAAAAAAAAAAAAAAAAAAAAAAAAAAAAAAAAAAAAAAAAAAAAAAAAAAAAAAAAAAAAAAAAAAAAAAAAAAAAAAAAAAAAAAAAAAAAAAAAAAAAAAAAAAAAAAAAAAAAAAAAAAAAAAAAAAAAAAAAAAAAAAAAAAAAAAAAAAAAAAAAAAAAAAAAAAAAAAAAAAAAAAAAAAAAAAAAAAAAAAAAAAAAAAAAAAAAAAAAAAAAAAAAAAAAAAAAAAAAAAAAAAAAAAAAAAAAAAAAAAAAAAAAAAAAAAAAAAAAAAAAAAAAAAAAAAAAAAAAAAAAAAAAAAAAAAAAAAAAAAAAAAAAAAAAAAAAAAAAAAAAAAAAAAAAAAAAAAAAAAAAAAAAAAAAAAAAAAAAAAAAAAAAAAAAAAAAAAAAAAAAAAAAAAAAAAAAAAAAAAAAAAAAAAAAAAAAAAAAAAAAAAAAAAAAAAAAAAAAAAAAAAAAAAAAAAAAAAAAAAAAAAAAAAAAAAAAAAAAAAAAAAAAAAAAAAAAAAAAAAAAAAAAAAAAAAAAAAAAAAAAAAAAAAAAAAAAAAAAAAAAAAAAAAAAAAAAAAAAAAAAAAAAAAAAAAAAAAAAAAAAAAAAAAAAAAAAAAAAAAAAAAAAAAAAAAAAAAAAAAAAAAAAAAAAAAAAAAAAAAAAAAAAAAAAAAAAAAAAAAAAAAAAAAAAAAAAAAAAAAAAAAAAAAAAAAAAAAAAAAAAAAAAAAAAAAAAAAAAAAAAAAAAAAAAAAAAAAAAAAAAAAAAAAAAAAAAAAAAAAAAAAAAAAAAAAAAAAAAAAAAAAAAAAAAAAAAAAAAAAAAAAAAAAAAAAAAAAAAAAAAAAAAAAAAAAAAAAAAAAAAAAAAAAAAAAAAAAAAAAAAAAAAAAAAAAAAAAAAAAAAAAAAAAAAAAAAAAAAAAAAAAAAAAAAAAAAAAAAAAAAAAAAAAAAAAAAAAAAAAAAAAAAAAAAAAAAAAAAAAAAAAAAAAAAAAAAAAAAAAAAAAAAAAAAAAAAAAAAAAAAAAAAAAAAAAAAAAAAAAAAAAAAAAAAAAAAAAAAAAAAAAAAAAAAAAAAAAAAAAAAAAAAAAAAAAAAAAAAAAAAAAAAAAAAAAAAAAAAAAAAAAAAAAAAAAAAAAAAAAAAAAAAAAAAAAAAAAAAAAAAAAAAAAAAAAAAAAAAAAAAAAAAAAAAAAAAAAAAAAAAAAAAAAAAAAAAAAAAAAAAAAAAAAAAAAAAAAAAAAAAAAAAAAAAAAAAAAAAAAAAAAAAAAAAAAAAAAAAAAAAAAAAAAAAAAAAAAAAAAAAAAAAAAAAAAAAAAAAAAAAAAAAAAAAAAAAAAAAAAAAAAAAAAAAAAAAAAAAAAAAAAAAAAAAAAAAAAAAAAAAAAAAAAAAAAAAAAAAAAAAAAAAAAAAAAAAAAAAAAAAAAAAAAAAAAAAAAAAAAAAAAAAAAAAAAAAAAAAAAAAAAAAAAAAAAAAAAAAAAAAAAAAAAAAAAAAAAAAAAAAAAAAAAAAAAAAAAAAAAAAAAAAAAAAAAAAAAAAAAAAAAAAAAAAAAAAAAAAAAAAAAAAAAAAAAAAAAAAAAAAAAAAAAAAAAAAAAAAAAAAAAAAAAAAAAAAAAAAAAAAAAAAAAAAAAAAAAAAAAAAAAAAAAAAAAAAAAAAAAAAAAAAAAAAAAAAAAAAAAAAAAAAAAAAAAAAAAAAAAAAAAAAAAAAAAAAAAAAAAAAAAAAAAAAAAAAAAAAAAAAAAAAAAAAAAAAAAAAAAAAAAAAAAAAAAAAAAAAAAAAAAAAAAAAAAAAAAAAAAAAAAAAAAAAAAAAAAAAAAAAAAAAAAAAAAAAAAAAAAAAAAAAAAAAAAAAAAAAAAAAAAAAAAAAAAAAAAAAAAAAAAAAAAAAAAAAAAAAAAAAAAAAAAAAAAAAAAAAAAAAAAAAAAAAAAAAAAAAAAAAAAAAAAAAAAAAAAAAAAAAAAAAAAAAAAAAAAAAAAAAAAAAAAAAAAAAAAAAAAAAAAAAAAAAAAAAAAAAAAAAAAAAAAAAAAAAAAAAAAAAAAAAAAAAAAAAAAAAAAAAAAAAAAAAAAAAAAAAAAAAAAAAAAAAAAAAAAAAAAAAAAAAAAAAAAAAAAAAAAAAAAAAAAAAAAAAAAAAAAAAAAAAAAAAAAAAAAAAAAAAAAAAAAAAAAAAAAAAAAAAAAAAAAAAAAAAAAAAAAAAAAAAAAAAAAAAAAAAAAAAAAAAAAAAAAAAAAAAAAAAAAAAAAAAAAAAAAAAAAAAAAAAAAAAAAAAAAAAAAAAAAAAAAAAAAAAAAAAAAAAAAAAAAAAAAAAAAAAAAAAAAAAAAAAAAAAAAAAAAAAAAAAAAAAAAAAAAAAAAAAAAAAAAAAAAAAAAAAAAAAAAAAAAAAAAAAAAAAAAAAAAAAAAAAAAAAAAAAAAAAAAAAAAAAAAAAAAAAAAAAAAAAAAAAAAAAAAAAAAAAAAAAAAAAAAAAAAAAAAAAAAAAAAAAAAAAAAAAAAAAAAAAAAAAAAAAAAAAAFkAMAAgAAABQAABCAkAQAAgAAABQAABCUkpEAAgAAAAMwMAAAkpIAAgAAAAMwMAAA6hwABwAACAwAAAh0AAAAABzqAAAACAAAAAAAAAAAAAAAAAAAAAAAAAAAAAAAAAAAAAAAAAAAAAAAAAAAAAAAAAAAAAAAAAAAAAAAAAAAAAAAAAAAAAAAAAAAAAAAAAAAAAAAAAAAAAAAAAAAAAAAAAAAAAAAAAAAAAAAAAAAAAAAAAAAAAAAAAAAAAAAAAAAAAAAAAAAAAAAAAAAAAAAAAAAAAAAAAAAAAAAAAAAAAAAAAAAAAAAAAAAAAAAAAAAAAAAAAAAAAAAAAAAAAAAAAAAAAAAAAAAAAAAAAAAAAAAAAAAAAAAAAAAAAAAAAAAAAAAAAAAAAAAAAAAAAAAAAAAAAAAAAAAAAAAAAAAAAAAAAAAAAAAAAAAAAAAAAAAAAAAAAAAAAAAAAAAAAAAAAAAAAAAAAAAAAAAAAAAAAAAAAAAAAAAAAAAAAAAAAAAAAAAAAAAAAAAAAAAAAAAAAAAAAAAAAAAAAAAAAAAAAAAAAAAAAAAAAAAAAAAAAAAAAAAAAAAAAAAAAAAAAAAAAAAAAAAAAAAAAAAAAAAAAAAAAAAAAAAAAAAAAAAAAAAAAAAAAAAAAAAAAAAAAAAAAAAAAAAAAAAAAAAAAAAAAAAAAAAAAAAAAAAAAAAAAAAAAAAAAAAAAAAAAAAAAAAAAAAAAAAAAAAAAAAAAAAAAAAAAAAAAAAAAAAAAAAAAAAAAAAAAAAAAAAAAAAAAAAAAAAAAAAAAAAAAAAAAAAAAAAAAAAAAAAAAAAAAAAAAAAAAAAAAAAAAAAAAAAAAAAAAAAAAAAAAAAAAAAAAAAAAAAAAAAAAAAAAAAAAAAAAAAAAAAAAAAAAAAAAAAAAAAAAAAAAAAAAAAAAAAAAAAAAAAAAAAAAAAAAAAAAAAAAAAAAAAAAAAAAAAAAAAAAAAAAAAAAAAAAAAAAAAAAAAAAAAAAAAAAAAAAAAAAAAAAAAAAAAAAAAAAAAAAAAAAAAAAAAAAAAAAAAAAAAAAAAAAAAAAAAAAAAAAAAAAAAAAAAAAAAAAAAAAAAAAAAAAAAAAAAAAAAAAAAAAAAAAAAAAAAAAAAAAAAAAAAAAAAAAAAAAAAAAAAAAAAAAAAAAAAAAAAAAAAAAAAAAAAAAAAAAAAAAAAAAAAAAAAAAAAAAAAAAAAAAAAAAAAAAAAAAAAAAAAAAAAAAAAAAAAAAAAAAAAAAAAAAAAAAAAAAAAAAAAAAAAAAAAAAAAAAAAAAAAAAAAAAAAAAAAAAAAAAAAAAAAAAAAAAAAAAAAAAAAAAAAAAAAAAAAAAAAAAAAAAAAAAAAAAAAAAAAAAAAAAAAAAAAAAAAAAAAAAAAAAAAAAAAAAAAAAAAAAAAAAAAAAAAAAAAAAAAAAAAAAAAAAAAAAAAAAAAAAAAAAAAAAAAAAAAAAAAAAAAAAAAAAAAAAAAAAAAAAAAAAAAAAAAAAAAAAAAAAAAAAAAAAAAAAAAAAAAAAAAAAAAAAAAAAAAAAAAAAAAAAAAAAAAAAAAAAAAAAAAAAAAAAAAAAAAAAAAAAAAAAAAAAAAAAAAAAAAAAAAAAAAAAAAAAAAAAAAAAAAAAAAAAAAAAAAAAAAAAAAAAAAAAAAAAAAAAAAAAAAAAAAAAAAAAAAAAAAAAAAAAAAAAAAAAAAAAAAAAAAAAAAAAAAAAAAAAAAAAAAAAAAAAAAAAAAAAAAAAAAAAAAAAAAAAAAAAAAAAAAAAAAAAAAAAAAAAAAAAAAAAAAAAAAAAAAAAAAAAAAAAAAAAAAAAAAAAAAAAAAAAAAAAAAAAAAAAAAAAAAAAAAAAAAAAAAAAAAAAAAAAAAAAAAAAAAAAAAAAAAAAAAAAAAAAAAAAAAAAAAAAAAAAAAAAAAAAAAAAAAAAAAAAAAAAAAAAAAAAAAAAAAAAAAAAAAAAAAAAAAAAAAAAAAAAAAAAAAAAAAAAAAAAAAAAAAAAAAAAAAAAAAAAAAAAAAAAAAAAAAAAAAAAAAAAAAAAAAAAAAAAAAAAAAAAAAAAAAAAAAAAAAAAAAAAAAAAAAAAAAAAAAAAAAAAAAAAAAAAAAAAAAAAAAAAAAAAAAAAAAAAAAAAAAAAAAAAAAAAAAAAAAAAAAAAAAAAAAAAAAAAAAAAAAAAAAAAAAAAAAAAAAAAAAAAAAAAAAAAAAAAAAAAAAAAAAAAAAAAAAAAAAAAAAAAAAAAAAAAAAAAAAAAAAAAAAAAAAAAAAAAAAAAAAAAAAAAAAAAAAAAAAAAAAAAAAAAAAAAAAAAAAAAAAAAAAAAAAAAAAAAAAAAAAAAAAAAAAAAAAAAAAAAAAAAAAAAAAAAAAAAAAAAAAAAAAAAAAAAAAAAAAAAAAAAAAAAAAAAAAAAAAAAAAAAAAAAAAAAAAAAAAAAAAAAAAAAAAAAAAAAAAAAAAAAAAAAAAAAAAAAAAAAAAAAAAAAAAAAAAAAAAAAAAAAAAAAAAAAAAAAAAAAAAAAAAAAAAAAAAAAAAAAAAAAAAAAAAAAAAAAAAAAAAAAAAAAAAAAAAAAAAAAAAAAAAAAAAAAAAAAAAAAAAAAAAAAAAAAAAAAAAAAAAAAAAAAAAAAAAAAAAAAAAAAAAAAAAAAAAAAAAAAAAAAAAAAAAAAAAAAAAAAAAAAAAAAAAAAAAAAAAAAAAAAAAAAAAAAAAAAAAAAAAAAAAAAAAAAAAAAAAAAAAAAAAAAAAAAAAAAAAAAAAAAAAAAAAAAAAAAAAAAAAAAAAAAAAAAAAAAAAAAAAAAAAAAAAAAAAAAAAAAAAAAAAMjAxNToxMDoyNSAxNzo1NzozNAAyMDE1OjEwOjI1IDE3OjU3OjM0AAAA/+EKfWh0dHA6Ly9ucy5hZG9iZS5jb20veGFwLzEuMC8APD94cGFja2V0IGJlZ2luPSfvu78nIGlkPSdXNU0wTXBDZWhpSHpyZVN6TlRjemtjOWQnPz4NCjx4OnhtcG1ldGEgeG1sbnM6eD0iYWRvYmU6bnM6bWV0YS8iPjxyZGY6UkRGIHhtbG5zOnJkZj0iaHR0cDovL3d3dy53My5vcmcvMTk5OS8wMi8yMi1yZGYtc3ludGF4LW5zIyI+PHJkZjpEZXNjcmlwdGlvbiByZGY6YWJvdXQ9InV1aWQ6ZmFmNWJkZDUtYmEzZC0xMWRhLWFkMzEtZDMzZDc1MTgyZjFiIiB4bWxuczp4bXA9Imh0dHA6Ly9ucy5hZG9iZS5jb20veGFwLzEuMC8iPjx4bXA6Q3JlYXRlRGF0ZT4yMDE1LTEwLTI1VDE3OjU3OjM0PC94bXA6Q3JlYXRlRGF0ZT48L3JkZjpEZXNjcmlwdGlvbj48cmRmOkRlc2NyaXB0aW9uIHJkZjphYm91dD0idXVpZDpmYWY1YmRkNS1iYTNkLTExZGEtYWQzMS1kMzNkNzUxODJmMWIiIHhtbG5zOk1pY3Jvc29mdFBob3RvPSJodHRwOi8vbnMubWljcm9zb2Z0LmNvbS9waG90by8xLjAvIj48TWljcm9zb2Z0UGhvdG86RGF0ZUFjcXVpcmVkPjIwMTUtMTEtMDhUMTQ6MDA6Mjc8L01pY3Jvc29mdFBob3RvOkRhdGVBY3F1aXJlZD48L3JkZjpEZXNjcmlwdGlvbj48L3JkZjpSREY+PC94OnhtcG1ldGE+DQogICAgICAgICAgICAgICAgICAgICAgICAgICAgICAgICAgICAgICAgICAgICAgICAgICAgICAgICAgICAgICAgICAgICAgICAgICAgICAgICAgICAgICAgICAgICAgICAgICAgCiAgICAgICAgICAgICAgICAgICAgICAgICAgICAgICAgICAgICAgICAgICAgICAgICAgICAgICAgICAgICAgICAgICAgICAgICAgICAgICAgICAgICAgICAgICAgICAgICAgICAKICAgICAgICAgICAgICAgICAgICAgICAgICAgICAgICAgICAgICAgICAgICAgICAgICAgICAgICAgICAgICAgICAgICAgICAgICAgICAgICAgICAgICAgICAgICAgICAgICAgIAogICAgICAgICAgICAgICAgICAgICAgICAgICAgICAgICAgICAgICAgICAgICAgICAgICAgICAgICAgICAgICAgICAgICAgICAgICAgICAgICAgICAgICAgICAgICAgICAgICAgCiAgICAgICAgICAgICAgICAgICAgICAgICAgICAgICAgICAgICAgICAgICAgICAgICAgICAgICAgICAgICAgICAgICAgICAgICAgICAgICAgICAgICAgICAgICAgICAgICAgICAKICAgICAgICAgICAgICAgICAgICAgICAgICAgICAgICAgICAgICAgICAgICAgICAgICAgICAgICAgICAgICAgICAgICAgICAgICAgICAgICAgICAgICAgICAgICAgICAgICAgIAogICAgICAgICAgICAgICAgICAgICAgICAgICAgICAgICAgICAgICAgICAgICAgICAgICAgICAgICAgICAgICAgICAgICAgICAgICAgICAgICAgICAgICAgICAgICAgICAgICAgCiAgICAgICAgICAgICAgICAgICAgICAgICAgICAgICAgICAgICAgICAgICAgICAgICAgICAgICAgICAgICAgICAgICAgICAgICAgICAgICAgICAgICAgICAgICAgICAgICAgICAKICAgICAgICAgICAgICAgICAgICAgICAgICAgICAgICAgICAgICAgICAgICAgICAgICAgICAgICAgICAgICAgICAgICAgICAgICAgICAgICAgICAgICAgICAgICAgICAgICAgIAogICAgICAgICAgICAgICAgICAgICAgICAgICAgICAgICAgICAgICAgICAgICAgICAgICAgICAgICAgICAgICAgICAgICAgICAgICAgICAgICAgICAgICAgICAgICAgICAgICAgCiAgICAgICAgICAgICAgICAgICAgICAgICAgICAgICAgICAgICAgICAgICAgICAgICAgICAgICAgICAgICAgICAgICAgICAgICAgICAgICAgICAgICAgICAgICAgICAgICAgICAKICAgICAgICAgICAgICAgICAgICAgICAgICAgICAgICAgICAgICAgICAgICAgICAgICAgICAgICAgICAgICAgICAgICAgICAgICAgICAgICAgICAgICAgICAgICAgICAgICAgIAogICAgICAgICAgICAgICAgICAgICAgICAgICAgICAgICAgICAgICAgICAgICAgICAgICAgICAgICAgICAgICAgICAgICAgICAgICAgICAgICAgICAgICAgICAgICAgICAgICAgCiAgICAgICAgICAgICAgICAgICAgICAgICAgICAgICAgICAgICAgICAgICAgICAgICAgICAgICAgICAgICAgICAgICAgICAgICAgICAgICAgICAgICAgICAgICAgICAgICAgICAKICAgICAgICAgICAgICAgICAgICAgICAgICAgICAgICAgICAgICAgICAgICAgICAgICAgICAgICAgICAgICAgICAgICAgICAgICAgICAgICAgICAgICAgICAgICAgICAgICAgIAogICAgICAgICAgICAgICAgICAgICAgICAgICAgICAgICAgICAgICAgICAgICAgICAgICAgICAgICAgICAgICAgICAgICAgICAgICAgICAgICAgICAgICAgICAgICAgICAgICAgCiAgICAgICAgICAgICAgICAgICAgICAgICAgICAgICAgICAgICAgICAgICAgICAgICAgICAgICAgICAgICAgICAgICAgICAgICAgICAgICAgICAgICAgICAgICAgICAgICAgICAKICAgICAgICAgICAgICAgICAgICAgICAgICAgICAgICAgICAgICAgICAgICAgICAgICAgICAgICAgICAgICAgICAgICAgICAgICAgICAgICAgICAgICAgICAgICAgICAgICAgIAogICAgICAgICAgICAgICAgICAgICAgICAgICAgICAgICAgICAgICAgICAgICAgICAgICAgICAgICAgICAgICAgICAgICAgICAgICAgICAgICAgICAgICAgICAgICAgICAgICAgCiAgICAgICAgICAgICAgICAgICAgICAgICAgICAgICAgICAgICAgICAgICAgICAgICAgICAgICAgICAgICAgICAgICAgICAgICAgICAgICAgICAgICAgICAgICAgICAgICAgICAKICAgICAgICAgICAgICAgICAgICAgICAgICAgIDw/eHBhY2tldCBlbmQ9J3cnPz7/2wBDAAUDBAQEAwUEBAQFBQUGBwwIBwcHBw8LCwkMEQ8SEhEPERETFhwXExQaFRERGCEYGh0dHx8fExciJCIeJBweHx7/2wBDAQUFBQcGBw4ICA4eFBEUHh4eHh4eHh4eHh4eHh4eHh4eHh4eHh4eHh4eHh4eHh4eHh4eHh4eHh4eHh4eHh4eHh7/wgARCADIAMgDASIAAhEBAxEB/8QAHAAAAQUBAQEAAAAAAAAAAAAABAACAwUGAQcI/8QAGQEAAwEBAQAAAAAAAAAAAAAAAQIDAAQF/9oADAMBAAIQAxAAAAH1PO6XyOdAsTJA7SlBmHT9jdi58Ljp5RiMS5QiMTJQSCdN6H416Ei6GRnVnLzvMJE3pPF1bQ+Be2fPs2HHnFtpCwSiDOs6Gc6KTaSWCTGaYckNLKKe27ZQCZvao4J588roZ9mSxPOckhsp4l7d4hNxw7AW6xEaGjJnUUgKkjdtKSMYrtMkknY23ZJzdNQBpAevn3Gg8z9PbkHnHkVZut6Q5cR1D4J9C/PsaRwSuuNIymuFtliekUgO5IEjQZrSR6K6t3FHm0ko83H1vlhe2oPRsXfd3n7JtScszXCFZHJqOD8O9380i/nTXttuEyXBamGvIGAUD1l4cElbc8zml4fTfNFJMyyDk0Sw6O60S2M6QNYVMyV3ao1fzrzDbrNRPi0N5S1YzV4nWLQbPbzOOsNa7tUeOaMhfrsxqubrIcPUQroZsNtermMU8K0mmEmIijmiV3qFA75NkbzfNvOvoPyY1yc5ID7YS40tKmUp0dEY+cxKcsXqHZyqt52Vm6ow24tXQgw4lmh1r0uyj7JZZFWin06dOZTzlWWw+3kWY94wptgS4Tc7jG6yV6sX0/DgVaienX3qds98SAkczrTbLAe/ETypkYaxZhWHqUUrFjxnXLg5GdzNzW17RaS3kqEaXKKu5+mpis6jWP5WWWfq40UldDzGWSCGnEWYgNMRWiceprieEfY3KWQGBjFEAGuK7E6nP8z0gxY5MZcELEykLJbV1nG0sX0EMY4yvkIsRK+1CmoJLX1ZRT15hlPFs6N/QRHNYpydddUPPQ2OnY5u4KmUg8EiYsBFY8ZRToBNjhFZjd7wYO1cTS9OMBIdZWvblie1YxiWQIOID0Odg0vKnrPaKv6DYKr4VtRR5thTCmkwyVM7LITN1WcoVt6M5KszOJZWMSxfAltj6xLnqyNLU6ktupLbqSwgFSeNi9JbcASaL0ktf//EACoQAAICAQMEAgICAgMAAAAAAAECAAMEEBESBRMhMSAiFEEGIyQyJTNC/9oACAEBAAEFArhyp/jDb9D/AJX1Q5lo0q9frTeCCKYDFME6TmGi32IPnZmtg4GT/sNF+YM3m8BgO06Dld2r4DUTrWSMjrOR7EHtD8BouiwQT9dNyPx8ttBpv506nb2cCwbrYedYn/uv4fvVfKqfJXZ0RuB2mA/dwYp8zaDTr5/4g+/T+psdkMHrQehKl5QTHRi9WJsURFmattsr3Nf8ct59PcaKdxr1wcumH2w3DDeMrLLa+zep0MWCVbhruxQ9GcnJToyKy4+KwT+P5HazP9li/DPAbGOj/U4TGynN3StDuAdwNFM7Yxse3Df8en62jVTsc5ezl9Bzfy6XHmDXKUGt/cU7E5rplvYNu2q3cFjeIIPBqbvYjotiDAYOuo99TotvtwKRiWV5fOd1Fi3VmA7wy7/q6ji9mn9iMvOKnFe19KrIdmGmJb2bQdxBoINor7qrKSuwmRuUWyY2S1bKwdHH26pVz6T+j7xBvflY3epxt7ktx62ssTjPcb16mDkcGg12DBfEVQC5bhWTwGwM6VduGG4vUjLsQqf10/bv4/2x+oIQrbq+62JxjV70gysApi7nHGm+wpIcE7CmznOQBlqA6Uua7Z1mvieoDbRfq+BaC1tYsrsxG3azysu2CL6x0Vr+4s7qx+pGPkX3T+N4xswrEKEeJsCSdgrcl/UEYbr1npprV1KmVWGuY2WLFZkmbUlkUxVO+3nFrIMAjY7d3pvSbb2oxlwrstqnDKUgs/t3EUva7Y1tSMNbVE61h/i5GdXXXd6Kj7CyyMGc9mV/aY9f221rcozdQtZK7m4PaFXCtsalnVRbc72YWQqV8keZGPxhgjjdcqhbqupYNmGm0Er2MXxKq2dnwS4pH0+Am887VttMq7tri1dpQ0/JfnXkcQ2p8G6mu09e6YQbAFNeNcxNFy2dHxsmm1xsep4xS9XDD4gz3FQd6XWstmP/AFpfaFr0EsG6icFtXOwMXMqxek5+HMbB2yAAJkuiDqL8mtqJaq0MfkTsbre1ViV8EIBm3fyRG1YbEQHfXKyeMsPIsBHUCZDY7RLLEH2m5hdZzWc1mxaN/flTMduNFYqSH1pYPAlR0zsqvHS6/KaMua07F5gxEi8UjWV7NelLI92Q1VIrHGAS24s1CLSltq1V4qMzak+dD4IM9i9Va3IvqUvl17/kOZ3Mow15jz8GqCitY9CuBVektvtpDW5WQtTGpXvsrWtnts/In5NehjehpZ6jWcKslbrIuNQs5ADxo1lYLvWoORXGyVUf5Vsqxa1Mexa1rRr30ybxXKz8Bp6L/wCmX4suyaUhybrJ2cp5+FvFw6BOxVPtNwZ5ELqoOVzKU7tpfb2xj1cYp2Oja2CWH+tsW3JgxqaifnddXSExzdOBQBt4XVV772SmoJrWfGonsMJluKpZm49jnKZ4MpzO9fO5kw3ZIgtzGnaybJTjVVaMwVVa/IZMUcxpZYlSxTsdDrcJ1LCS+1VVBD87rkqHae8qNhPAjZBc1Y4Df//EACQRAAIBAwQCAwEBAAAAAAAAAAECAAMREhAgITEiMhNBUVJh/9oACAEDAQE/Abczo7gYwvu73WhXaNGW2q9wIAfIwIBHQ5Rtg60DAi0GlHuPS541deSBChBtCCNF0wuLzD7GimxvKdQOLwwkCcTE+0IBlRcGtFhESMpMveWlAfcdwvcNYEwEWhA+ovHBjIG70HOgaMhPMWneKuItKlPIQ03vYwHHwjuogcgwNfS8BBiwsAJRqZHY1MGYHK5l7mwjBdl5y0pDAxqyrzFrq0zWXldvyG1NYikd7Qp+zaWp/sBUeqzzb/IFx5hqgcQf00HkbmXh2YIvJnyX9RMn/J5QqT2Z4U+JYt3CbcmYs3N7bQtNO58yz5BPlEux6EVQszLeogX7MZ1HZ201He32Yg6VGOQWBQvU/8QAHxEAAgICAwEBAQAAAAAAAAAAAAECERAhEiAxA1Fx/9oACAECAQE/AV4R87yXWHou1id9YYTvLY22tIc2/T5/RcSXvSHuKdjx9SP1VbwhSTgr6XsRzrRf7hq0Ti4vEFl6Iu0MTJ/p85rFn2d6F85S8I/Lit5kJ1hOscUKaSHMcr2RnQ/qKd+lDqS0bymPElromXoSIJtD6SaiiU+RFXocGimURR6zn0TJytis/onEdPw4safiONHF4ednEpIVFlNngi667OLKOJo5MpFlPrL3r4sIbP/EADsQAAECAwQIBAMIAAcAAAAAAAEAAgMRIRASMVEEEyAiMkFhcSMwQoFSkaE0YnKCkrHB4QUkM1Njc6L/2gAIAQEABj8Ce3NpC0YfCC36rUQj/l2Gn3jnaPIlbdcdw4oOHk6X/hjTKLr3DswodvPMFxq3DyYsdvA43R7IHyZbM1Dicp18jSIgxEMyXVXvLOYs+qN4SbmVQqC84lg29I/BYR6XKWSwU9ojniLBId1NxQphRPI4IWNUTkVcnVjjt6SP+Kf1skr3PByEJo3JfNOh+42hJTcZz9CDSwtFrmn1KKx3NtOquTlrKDup7UYHAwXIWXuWBQvUIRiMAJAke1srdZi9O0mJEF7mM0w9diYRlRrt4JzYh8VmPXrtS5GbfmpdbJoPIlDOICnOivYsVJ7DRi6G4ItdgVVwubMBsJl43P5WvL/E1d1wbgqg/NbzgFxhUsd2Wjxf91te9obmhAL5vxkiHYIw3YtskpFA+nmpg02ZnBSGClNUU/h/ZUd9VOcxzQc3AqfJPAFYEdw+v92g8m1QLaRG1aV4zNWec1eZKg5K81TU8lNXHHcP02AFKyYW7it5SsMI8qizT9G5R2CKz8QH9IZOExZdPqaQmH2KbkTVXmmRCnLETVFrAcMbHA8qhQ72MrZ5IRGOmwqaNFImwHKwPHKxmltpc4jkM/Y/yosK5K5EvN6T5WAhFnxbwRY5cQPsnMaJSoZ2XWmruIIIB2FnNShwf1FSe+mQwUWJMnfldVbATZXYktfAk6GBcdDPIHrki0iRFCLKcqrOy+2jxgVXiHJVUlfNu42czRb7TDbOs6GScYEa5DfjDIn8kfTNSNcldkqrVwG3jnyCJcQ6uwWuE2uFQr928wGhPqHXqjqZ6p283sbMVxlbziVShGCwkRQhU+exMS90a3TyUi8uPM5ouPJOMSoJ3RkplBl38qEOTR7SVPcIubw7BDmXwRItzCeGeJo78D8NdiS3Wzor0JviAYZqd72lt0KDZSQu8ZwUzxnGzVQ8eZyQDnEjPnszLQeZBwKfpkCHdZ62/wAhNLXTmJnohdhkzEx1TYL4TmxHcIKnE0SIW5qSMaHz4m/F/am3bqr7quApZq4W88jDJVx5rHGg2tXEq08s0WRoTa+oDeCMOBpUCNAnO5GhzR0rSSx8aUgGjdYOioFNzgFIK+w3X/v3VxwuRBi3bB9kX/JXncbqmzdqxu3O26zHNTNTZUyUi4ucMLuIQ14c0cnkfusQfZVaq07hcQ+axQ5BNhjgh1d3sENnE+iujZnZKzedvHALwoEhm9b0ZrOwW9pLlNwL+7luw7vYLecAOqlo2+PgOHsrhdqfunFSBJ7m3UwKu5uyV1vv1V9yOkReI4dNuVk06LKuarEat2+7s1bujRSt3RwO7lvRWwx91TiOc89St1t3spOqvDj0yeJrxGQz2etyCWQ/xVKus0Uj84V58ES/7Fro0B5b6WiS/wBKN+lVvt7t2p2O5kCYUosS70C4b3dSlbIuA7qbntHutwPd2auCJPK6vTBH1V503uzdZeeaIRYwk30ttuht55wCltSRRKrEHsvAg0+Jy8TSLv4VWPEKq0u7lA6tsx0WdsyZK7AYYh+i1kY33fQWyG884NRiRDOI7HbmndlPSohE6hgVIYn18jeNfhV/SCSTg3JSaBKybnAKUBn5irxN55xd5ElJBziGjqt0k5mS8PR3ubmvs0RfZXfqX2YfrX2X/wBKmjtb3K8SPdGTAphs3ZmwucZAK9DAZDzPNXorjFNt55l5E0YkQuMhRs6KTGho6WT2648gMSr2kUbyhj+VIWTKu6O28fiOC1kV2sifsv/EACcQAQACAgICAgEFAQEBAAAAAAEAESExQVEQYXGBsZGhwdHw4SDx/9oACAEBAAE/If8AAQRLQyX04J65cX+VNSDBXYwfC4Qs1HL6e5RF5V5i71LRv8LimcD4fD4Gm/LDiNAyw9hfvX3FiOMI4OMTGoMvN+CDzNlk4+5kDBGYLnhiobyTs0vhNNQc+XivKsvUJYPlJgMMCvEWng58DMtQ3FhjpIuO8x3HiI+uJacHxYOfDs8YeXJdflUek0ySt5m4qyTAHhi4nAy5eZq0viHDLpn68EotMICiU+ICkT0kAaBO4zHafMcYlHy8MaZ8MU/5Z/fgQY/6ylL3hLL2rusXLP3R2iDOYr+E6yiZrCvMu5S/0Q1El4JiBUUWJvNl6R0QoP3hYhGr05Jyf+ANwj9G/wBh/jwXUMer/wCkzNIAVj5RNqbPUpY4ZwYs50zaper3fEN7MYEcgWCqgORE8Y3A5gSHT5GSZzQcmuh96glLmMdMHwTUcv7S1W6zLnyKNVkdN8nDDkVUI2GzDPkSZioZKl1L9y4erEqrmld24J8BMeIQYgbCCDUV8X/2UiYn0xRhCO8+NS9NCfSoP1BOIgDY3Chkr8iZuFm+41KttXE28XsgEIU8kpdxfAx+YQdkzBYJq7O+WLEGVDtyxh9+649oQpqjXbl/Yg5UL3tHGc/M1X4IYtCevCqb3iC3SPwP9VH93gfdVEetK/RC25RAXxX2Tki4FNoYZKiqsfCCFpZEmb8SKIZa7SpeuvcQAKcQBQqUJW9sx/xYsFQMFYXAAttylZ+C5/wI9OJhbiBwouXE+p2XI1PqfiUXWoe/mXMpWyOnbEFgb2mcGupSWP3EqDxbYDbKlmCYAOI/uthEwffeBdQr8S5ceGxJWz/Azu/6S1jceybpHamIOcbr7CFpunt1KZGhLBAzDqaMA9DjgczENSz+IkuD5ZXEW/EMiWxl30lS1KiZkPg6m/4TFYnO4g3FWOkOy/0g/DCXNOdd/hqvj3MWMbxLMsiV/wBMLDD+o9zHVjkyi2R4m0RKlmKjUFXQkHsdwAouA6tLjnd/0S5V9aBkQqPGNn+4lYyHTwymAURPGSKruozo3iUOlPlfIGFvxkHdDq9fEekmxsY8e5TOVqeoHduTkitM2hrJh9MQWgcCZDJcxwHiVp4o8j8x4B+I+cR00fCH0oc67i6r5LTfZF7QbRpInW7lRaAhN/JBWGsk/wDAuhoE0nJEK4nYOE/Y9zKQRbmuD6yfU9HzK8UI3YwOMEwxvmZFZjKGi/ogZmun6pQleMwnoWQyFRVOP7jBzxbXuN3QLj45/wDgSwX9wD2b0c/crcjYfkizIbMvM2C9OSGmdJ8wQcl4v9X1GYoi+6aP3FtlNy32Sj7qG37JnZULXGamFLYYr1KKLGnAjyPh8EwntEX7BySmproNfUCgHH3JzPvfxPdHOx52j/crQXKBjwRlfHENZ0ZOvVkrlWfyt16hwMQrL6ZpvL1TslQaKWW9Rqq1xNfP+xPWIUJf/Ui5F1hHY9Mu4ErxcwRAVD7zQf2gzIP/ALDDi25fuO9GRziczpMhyRRVK0LwpwyzS0MfAy0C0Yx9dS+DY96g79zTZ8T7LiCa2BuVDDy69YZo2D8nZMS+i5l3iVCXMjVyhK70PcfPudfxCM/rDedl14CnzZkXPMqA859fbpDQfYxTz+sCut7ZX7ib2emWhNrCv8JQ/cRRyfDBcvoeHdBfjMH4It52zljOd+BN90+IN+97fGfgS7sIpt/T4r1AYC2IrbckZ+ik7zPUI2GRGggIrpsm0Lbn8xx+IlEuQr/uX83LB+Uo0SzlvxSI+88o00cHbPVg+nmw3KaOoOfBVhhE4glDTEoHW3BGgSvcSwfbT8iCoijX1PBmFnsaBeKGYJNXxNov+C7lr6rEv0kzx22kPdYLkikkdZfiBOXJQ/eV5L6f3Dgl29QbJpDcaEHENjpCIsLAI0p7RRvN27mpA6MS1y/cUDBcAL3hVKeT3H5V1QpmerrnuT9z+phEY2qflK0jv/L4x6lDxvzF6TiY6iU+HY65iWQbgVDTzOWvWTNn/RJ0V0PBmfR7lkAdDCg0CaGpWjMUDJu4Psh0I403R+Ih4AA4NzHfIZ16JQMIzt49zV9WIIFtsTF+9Bmv5zkxZ/8AVDsmGrxG2BbgaCTDh4CoXoyh59xTeT6yWKNw82U6j4SdIgi0yi1OCc2pWXuB1MlwztMUOwbX3gl2h+Y/ptp+oFNBh9S/eJfqjfBcAWsXWtgMwb5YaPqACgA6PFRY49xsalS+Hw5gz+CzJA79cnosgqPUNNIIn/rIKrtQAOwZAAABwSo0WAHLEn6eMsC7nXwJ/9oADAMBAAIAAwAAABAWZP0WmlfdRenFL55nthJmb3AgLfOJRp7T4Zpqn3cZr+U3iwJHjvBMZQAe9E8J+ZoPYkw3hI1MUb3MHsh+7+9/Fa6JP/teyu5ikEmzNUyt6aWPzpcTTO/28LeU0SBlj0wEPHGXMSRdAFBqAEccbOYnnVIVE8H6J2EIIBx4GAEL/8QAJxEBAAIBAgQHAQEBAAAAAAAAAQARITFBEFGh0WFxgZHB4fCxIPH/2gAIAQMBAT8QLUjC4TSBc2mCVLNeBngQMXGtEG+IwLg0sjgMSo446Jo1EcMw1hEXKnQwOgl8m8Gb/wAZQlxXbT9ctvCVUb7RQspLjpEugzNUIEyEjC4dYqiI5pikNSVFrwIUymN+kaM9/WA06RUh01MkeKjlkRGrEcH0QO1MYMRLKzziK3S1tiLWODpTMjLDJEaEx60h0IFUFQolsGbz5Q0Ur5ZbExDFjGCHEpR1lhqWM9IKYgiWcK5zKbxu7enfzitq3fjzgGmHKZGOS4IxAaFc5ZqqvB3+5oUE3lKtYY87g8/omR5df+wxRa5eGpDkxMwhovDuyzVPqv8AJqJ7V1aicrqe0vWy8/2IxQt5RU7nrQftWJ04ND5fiV5wcDOZVwB1X7lMEeh1gulfN7ERuode0V2PDH3/ACXgYv37su3icu/aCNia8vAV1veJcIWMJUWLd3X90gu/R7QXZ9ntG2gfZ7Rx6vF7HzB733Yf2Dg7x7st/aROiHhvw5QNgyy+Dw8NFY8+cqoADVwihP/EACARAAMBAAMAAgMBAAAAAAAAAAABESEQMUFRYXGRwfD/2gAIAQIBAT8Q24h85sE4xojoi8PTwMqMaguGWGcEWh5xnHoXVFITTwksKywy0YvwJIFzhkJwgj+TRSlH56PMnhYMMBtKuyp9cJlQxpQl1BrKKk/SKZdKuvoToutNMNQQsqWIoyQcDoRfY6iDGptI04xMtRjenFgnUNDxkxSVpRQ16W1aT3JrTIETITT8kCWjWxyhsSaelOxq7GkJGdfHF94sZE0UzOqiCjvxfAUdF8KwbdJlqnDPId10n5P0a+wp9jdiCd7n5Gl/RDZIj6RMbeG3BW4hR24epjeBIukVVja6diVxEYS4fDHWIyL/AM0Jp5+xJO2WGjtj8LBM6XD4Y7UCxj7Fx1NenoqabYxs/8QAJhABAAICAgICAgMBAQEAAAAAAQARITFBUWFxgZGhscHh8NEQ8f/aAAgBAQABPxA6+/zzP5mU4TcAlb6xUZKKLMGRfYKg6t5w926zLG7hXi1VPf8AUxHm0+I6QciJDMOHERC98zFtl0zMC0t14eoCTQpIjQ+F7jWaDIw6TBYTqFmlALdVonZz2WdRugAiNiOswLsloJSYHuJRKMacP8MfxHk1NIhbZBGuzmOgZrBIAe1Y8JmrgxDhv+pg4OfHmGM2cWxgRoSVWcDcRTthi5oyMbQ3V/uYzkN/EMSCtI+Tn6hXRoF3339MMtpcKdkYBu7K/MAFp+oREPhOyBbQArm+EPTSeHxN67gAvBf/AIgiOnEXNlMf3FU8SiGPJlvju/WZbIFBVEb2tXfmZpgRPLT/AHGCCkyB+ZebYuZgvCXLy6YNicphly/dR0Sl7L7JXMMeemV2cmReeotULLuuu4gL0KPmMaNmQ89Q2t42SvJbaHpAs+qZi6JK8OJ+huEgaRNnPTHUzq5MM3BWutJ+mHX/AILiqS4bD8ozcCtPJ/3MqQtcenT+aiISkyMURjKHAjklFLYp9OPxFviauKuzY6gS53mDUNGfjmAumnF9y9hs/J1BjXLaeYKAfljSfp+4w5bsl+Y3lRdfs+Ibiw2VJkReUa+Y6shKNnsSDcUmN2Cl+xhUrFTErjBnEuVOY2orTD/5cylVi7E4V1uswQwFK4NP98SoNIo9RTFNsKp0XWf+TGog0vDpPslw5dnv/fuXa3WI7Gjn1xCMXKr3BYpo4eoi8ih3Wz5LfiCwjDhvj/bj6RouLYf3AYtUFtZ3CCEwLQNZYbCYAWUMg7SwA7iAzIho0r5K+YgaO2yVNXVqfEYQ4HcXP5gCuzCeZ8xAE+ZkeSEwtGPSvxCAvZd+4amHKPTK2xSH4P8AuC1KiUkzpzlfuNe1wi7RYvxhezzGO9afHTMxHDkeohowJmUEwCmFLt6uEPw87U4afuNAoQ2jyq8PnmN1GwIo0tU49MBHAsRsTuGVT8QnijfkKH4o+pmGgSG0MfT91BIYiKqW26MrcKPELAgMCZE2J2IjAi1vSRWOHjzASCcR/cwApb8B/mMNg1B5I0X3cfeOg6dPw1/mGxFIUlgfCH2MeSbJ23ONtbr3FUVf0kGt8MVouskdvIyQmKwKXXn+ZgQ1wOLTAd3Z9sApy9rMCjkvN0ARuRVu/JcJL4jLvqWNbeI1VKJ4SFulek5kHwGq1iKqEo4tAK9qZ8t8xXcBb+Ymx1KFHxC+INhUjvEs9C2+6iDvoD5tqNreTcZ8pBQSxssd5JnC4tKauzmxLDRrmIVmQmwJj2IxwzTChTqzrPsiaw8gOL1btNbigia/kiAG7x/yZN6/Awc+w5uH6X5INgJQPHiG7YkN1DYVWHi7gBM6lXphZ3HG8ACfzMhSMUFdKcBV7htgCyGsqGWxo3bzGVV0VYHCGohigS7xdIHDHgv8DdvsJm/VWhPxOKal1kRCsohY/CDCq2esH3XtquxhFJgN17/zLDTxhgKlDSrRWr8yg+wQ2ByByUqVmshUcpQpkRFrIPVfMqBYAbOBPx+JWJg0v/YCDgaZdcqFj2Q+gYuX/Js9eYDYopYjpIKyVlhAj8zu35gS8GkFq9B3+o6U4IMPs8wQ4UjgleYW0Jm+OIsrePDn1cbBadaIRQaByn8wzgRTkgTCoDheb9kIaDCZJjPbg6XolKOC8niEImWY6SwpOCh/d/ES1fTw2XS9OvG4ijUIpS0rzQorz1jMM3PBrF5RtAiDSKwuvjx4iK5kWPPETasD2On+PfuWFNrLb8kuhXQru0+B5PmFGpqWGCVMC0IYDlZe05xGkeX5jClAADgl1S3C4L3UFDCuLQ5SEgvIRMp5/MNdnhALeR+sexjQE3VWTEs7DwuT7z8wsDbk98TLeMJYIUDuj7pzLkLSNOp9iI+TzEQRaCfIzEsKXtMfdSpjCo8Ij+SXGDJbSAQ+Kt+GXlMLNifxvEal2ByRE+xfmFAzKEHFNf8AZQ8AEsRsMd5TEIUXJhCxhzCspSNgvwjjpDtgANrl2gUL8VKVjiAueJkKDr2ihbnjHModK2k6rhHZxmXuKFaOZbrLDDY3A8Gk7g7vMO5TpHNp/h/bGhFVaB46j70ip2OE+oQFjiloyrgUNjM5LzDVm4G6ggm3SRhyIaaAv7IJWWAGsnEYTGNoVo+6CnCpxG/NaJQLIHsfsUdxLSxpgvhaH5jmuAFEMFHB5/7DGd9cxmlcddTIvTdGN0xXikUjGDRIwBtHxUCAAKAMBwQDBHgK/bL1KWHKHr07gduiplRnIb+VgySAWgK+ZUxpEbplIgNkYez9JxphGlsoKLi5HSjQ8gyo7QoHMoQhWcV3DUAsoNI0/mJlHZ1Hs7hXwDQljjIjsSyvMT2iLS6i7liMrlNKEUdBozSJwiTVZoZ8MbwlDeXprwmE5odkeAAUSfMcnkiKiDwiSqrvC0eVyfkhmx0tYPY8nT/MrFw0+pcSrwC1WMEFoXdcsDFAk6N1uGFlosqtvllaPJADcGwDbSBtoB1thVnVGAUKIjvYmc6KHCDWsTWoVF5NJ5l9gLK1aR5P1H24sUu9XfqHBsWtThLGKHtdB5d8DAThDVRdrYUXjHiJammCiMLoTmEsaJtQiHIi/cb5HspFqM0BbwBMjLXPfmJd3lRZzl3BSWwNDhP/AJGIqEQKPSfH5ihTDVtKHtIlNBrAreiKtRVUvZp7Hn7l3J1hF3PseHkmFkDas8ih4VXPiBAAAAA4JhqFjCYU7Ah0jMbv1qOqG903lIpH2sbm22fQ3Uv1ojS9B2uo+V91DxbdLitNXKbL0AWnoN3LQwHEp5msfUoWTCheaGF8uXuOMhATCs+E9LGNEWryPOeQ73LMNOY8K3LMC8h/JGCQpsmUHguVwlcss1xdCWi0IkRNuM2QhwCbKrsiFlZ6E21/UbhQVEP3ER1VWv2R6BJTbYhrbdhiELDCSTLW1Q8i6caWCY1VNXatZEcIxiA8y4VSOw9alFtDXFR24Hjv+HP5iqiK2p59+GZSnULBwp+g79Rmwy2bS80f28svpPkQl0iy33q/CtRzIQXsdr2fn3LgmEgoixBTsYyQ2yq46+I1YDBS7pbpzfYWIBFC1b9lB0LbCqcWDHaIBRdRJDNA2WInmIjZAQPpVL6xecMGxbArSIrCKNZ4iknNCtSgjLBpUtwq4aot5L6YB4e2iuAOgGlwmHhGqQkxDbByJ0xVCvqX6hTbBA1mJvcZINlR+Qj/AK4NIK5sDNU72e88y8RpHZG9plwrHCXnw+MwjZXujatjecf3zHIOGG1dvwXAhTuOEVcVjyNQlBeWvHP+8TNXDEitO1YEDkUFNNU4siRhgoppEvHTY6SXXsSBtoyJ5RBcpBCjVKShFqhbVVaAG17DNUCEEI0WyjwG/MCpkxyufwVHBCBDEcRs6TJxjEImdrtTt0nCfMUbQO7ldJ5GolSqdGWAvCp5jooPzMQphoUKpxmqX0h9sIwSCOXgPjL6I1RXli8nwvPn1HYaxgNJ8zc2Ksib4rav2EVlOyZHhgoj8QcvJz5lS4Ls9McotBsfM4EJddTNWRtS9Rm9Gxsnod+ZcGFVlV93HqVXkbEpA5ID7qEOfafLBYetPJHaiHDrpz86XqBBpJYEWcIikUFnkb+GmJg16T8qr8wXJ6Kf9iGEnQrPwWwuSjDSmTHB7y9RAjzQcB94+5lu9xl7qg5Ob46v3E+Gs83Mv+1DCMIibIZ+Y1K5GIdb2445lDXe5Uo4c/yIvEvMWsl4sD+ZuZIqL5qyvzGwA9p9XX8xVOQjRfm5y1y0fwVC4YxZfsyw/KEaAjwjv1CCAsqvnMvxT4EDuC7SHkHI8jUQu20VfBo+I65aehv7I5TI8gD+CICYI5PlE2/r3LyEu9pNr/sRAaGAc8Qf7BCIw05XnDizB4t5gE0XAjSxhmFJ31CDyMatEETJFTocPZxNxSuC0wWeI9E45EsAXo5x3H5lrM0fRcSMHCD7izIcJH8zBheRs+BmNR7U09/3MjHukPwZ/MrHFWKfvcBslYdq7HY+RGEAc0YB0WB9streDesx/MEagrA5BQx6+4VFGbI+1Mv1iccWgV4BIvzBOQF4N4UQrp1neqIU3SbVK+oHbpSGPaCEIEbO+yF0lkmUyBzLAO6zCQ6lYmcX0/8AH9xUXKnRBy1r7r7g4JLVaXxWj8sxLFu817px+JQkkoAB6qKnB4F18k1AdmP3NOMAp9Wx9SV4LT1tjVfCqfpajkq6ok+3H1cUrODZq/h+ofS3a23Ya+7iLy5hcS0crgDliQU3pPQdc1z6hTnEC1IvZCysEXDi2uPHMvay6eol2vUqzgX4lyPxHlHFxBMhCCIhajV99MDObC/yTuKxYDu2Po4cnxUX+ZYg3r7gLD8sQZUba9eLKl01l3T/AGspuVEN+wolZMKI2HB5+YTKDgxj1HJCnYxBar0ufh/7NofTqvuJdHLPfV4+oT9mMrw8ntjsG1uKhgik8LMX2nAcsNhnbQ/4ydVqJxph9RWDdwIwiFM6g031LsODLgDX0cMZEDA5QUPmoqnIWoKWXwNcAvmOQq1nJ8Lr4mivguWXumLX3sg8rUvz/wCJKBvxHhQs0W4K49s14AVE6KOa/u4dX0moejbCOdFMrQfKq/Rz8RdaFIV5g5/2It2Z1fB0eCGE/wDKlucPjiC77ImK4Yl6ivLBMoAUxgDJYxcECiAI6t5riVycVMQLtdnuo9ViuU9gp/cQT3CIH7ICUr0ynajx3+CY9S9kPwRKiHkUfFn6lZaYbqurNzddWpn7FwfBBKj1DL0B/tQeQpfUdlN/gNXH7C3Tr1W/rxA5iUAAHgnGMEcaLDlfQbWBCERpHhnUjh9QbB/MFCfUObmSPqmsmH+h/iV00UgJdqMq2YxqYHjoB91v5iB6Bg4qVXyEMtxaa5gpBzcHPUvMKuJx2Og/nUviNENHlG3xxBwuAFAcARCXeY1la1AA8rOOvpJ5b5/XuD2DIfxaiu5//9k=\" style=\"max-width: 100%;\"><br></p>', '0', '10', '24', null);

-- ----------------------------
-- Table structure for dia_category
-- ----------------------------
DROP TABLE IF EXISTS `dia_category`;
CREATE TABLE `dia_category` (
  `ID` int(11) NOT NULL AUTO_INCREMENT,
  `title` varchar(20) DEFAULT NULL,
  `diaNum` int(11) DEFAULT '0',
  `user_id` int(11) DEFAULT NULL,
  PRIMARY KEY (`ID`)
) ENGINE=InnoDB AUTO_INCREMENT=28 DEFAULT CHARSET=utf8;

-- ----------------------------
-- Records of dia_category
-- ----------------------------
INSERT INTO `dia_category` VALUES ('12', 'learning', '10', '1');
INSERT INTO `dia_category` VALUES ('14', 'learn1', '0', '1');
INSERT INTO `dia_category` VALUES ('15', 'learn2', '0', '1');
INSERT INTO `dia_category` VALUES ('16', 'math', '2', '1');
INSERT INTO `dia_category` VALUES ('17', 'sun', '1', '6');
INSERT INTO `dia_category` VALUES ('18', 'sun1', '3', '6');
INSERT INTO `dia_category` VALUES ('19', 'sun2', '1', '6');
INSERT INTO `dia_category` VALUES ('20', 'sun3', '1', '6');
INSERT INTO `dia_category` VALUES ('21', 'sun1', '0', '6');
INSERT INTO `dia_category` VALUES ('22', 'love', '2', '1');
INSERT INTO `dia_category` VALUES ('23', 'sun', '3', '10');
INSERT INTO `dia_category` VALUES ('24', 'pic', '1', '10');
INSERT INTO `dia_category` VALUES ('25', 'pic', '0', '10');
INSERT INTO `dia_category` VALUES ('26', 'pic', '0', '10');
INSERT INTO `dia_category` VALUES ('27', 'pic', '0', '10');

-- ----------------------------
-- Table structure for dia_comment
-- ----------------------------
DROP TABLE IF EXISTS `dia_comment`;
CREATE TABLE `dia_comment` (
  `ID` int(11) NOT NULL AUTO_INCREMENT,
  `postDate` timestamp NULL DEFAULT CURRENT_TIMESTAMP ON UPDATE CURRENT_TIMESTAMP,
  `content` varchar(200) DEFAULT NULL,
  `dia_id` int(11) DEFAULT NULL,
  `critic_id` int(11) DEFAULT NULL,
  `critic_name` varchar(20) DEFAULT NULL,
  PRIMARY KEY (`ID`)
) ENGINE=InnoDB AUTO_INCREMENT=27 DEFAULT CHARSET=utf8;

-- ----------------------------
-- Records of dia_comment
-- ----------------------------
INSERT INTO `dia_comment` VALUES ('1', '2019-03-17 10:11:36', 'hello nice to meet you,too', '12', '6', 'dandelion');
INSERT INTO `dia_comment` VALUES ('2', '2019-03-17 15:30:56', 'coding', '3', '1', 'admin');
INSERT INTO `dia_comment` VALUES ('3', '2019-03-18 16:42:36', 'good!', '20', '1', 'admin');
INSERT INTO `dia_comment` VALUES ('4', '2019-03-18 16:43:05', 'good!', '9', '1', 'admin');
INSERT INTO `dia_comment` VALUES ('5', '2019-03-18 16:44:04', 'good!', '11', '1', 'admin');
INSERT INTO `dia_comment` VALUES ('6', '2019-03-18 16:44:11', 'good!', '10', '1', 'admin');
INSERT INTO `dia_comment` VALUES ('7', '2019-03-18 16:48:09', 'sdafd', '19', '1', 'admin');
INSERT INTO `dia_comment` VALUES ('8', '2019-03-18 16:49:57', 'sasds', '19', '1', 'admin');
INSERT INTO `dia_comment` VALUES ('9', '2019-03-18 20:58:34', 'sdfsdfsdffdsf', '23', '1', 'admin');
INSERT INTO `dia_comment` VALUES ('10', '2019-03-18 21:00:56', 'qweqw', '23', '1', 'admin');
INSERT INTO `dia_comment` VALUES ('11', '2019-03-18 21:07:52', '123', '23', '1', 'admin');
INSERT INTO `dia_comment` VALUES ('12', '2019-03-18 21:09:27', '2344', '23', '1', 'admin');
INSERT INTO `dia_comment` VALUES ('13', '2019-03-18 21:13:15', 'adsd', '23', '1', 'admin');
INSERT INTO `dia_comment` VALUES ('14', '2019-03-18 21:29:33', 'assa', '21', '1', 'admin');
INSERT INTO `dia_comment` VALUES ('15', '2019-03-19 15:59:23', 'happy', '22', '1', 'admin');
INSERT INTO `dia_comment` VALUES ('16', '2019-03-19 16:59:51', '啊啊啊啊啊', '22', '1', 'admin');
INSERT INTO `dia_comment` VALUES ('17', '2019-03-19 17:03:06', '啊啊啊啊啊2', '22', '1', 'admin');
INSERT INTO `dia_comment` VALUES ('18', '2019-03-19 17:03:38', '67777', '21', '1', 'admin');
INSERT INTO `dia_comment` VALUES ('19', '2019-03-19 17:08:57', '666666', '23', '1', 'admin');
INSERT INTO `dia_comment` VALUES ('20', '2019-03-19 17:09:21', '444444', '22', '1', 'admin');
INSERT INTO `dia_comment` VALUES ('21', '2019-03-19 17:09:38', '333333', '21', '1', 'admin');
INSERT INTO `dia_comment` VALUES ('22', '2019-03-19 17:09:51', '4444444', '21', '1', 'admin');
INSERT INTO `dia_comment` VALUES ('23', '2019-03-19 17:13:06', '7777777', '23', '1', 'admin');
INSERT INTO `dia_comment` VALUES ('24', '2019-03-19 17:13:27', '8888888', '23', '1', 'admin');
INSERT INTO `dia_comment` VALUES ('25', '2019-03-19 17:29:33', '999999', '23', '1', 'admin');
INSERT INTO `dia_comment` VALUES ('26', '2019-03-20 20:52:11', '厉害哦哦', '26', '10', 'wwww');

-- ----------------------------
-- Table structure for dia_tag
-- ----------------------------
DROP TABLE IF EXISTS `dia_tag`;
CREATE TABLE `dia_tag` (
  `ID` int(11) NOT NULL AUTO_INCREMENT,
  `title` varchar(20) DEFAULT NULL,
  `diaNum` int(11) DEFAULT NULL,
  `dia_id` int(11) DEFAULT NULL,
  PRIMARY KEY (`ID`)
) ENGINE=InnoDB DEFAULT CHARSET=utf8;

-- ----------------------------
-- Records of dia_tag
-- ----------------------------

-- ----------------------------
-- Table structure for mind
-- ----------------------------
DROP TABLE IF EXISTS `mind`;
CREATE TABLE `mind` (
  `ID` int(11) NOT NULL AUTO_INCREMENT,
  `uploadDate` timestamp NULL DEFAULT CURRENT_TIMESTAMP ON UPDATE CURRENT_TIMESTAMP,
  `content` varchar(200) DEFAULT NULL,
  `commentNum` int(11) DEFAULT '0',
  `user_id` int(11) NOT NULL,
  PRIMARY KEY (`ID`)
) ENGINE=InnoDB AUTO_INCREMENT=16 DEFAULT CHARSET=utf8;

-- ----------------------------
-- Records of mind
-- ----------------------------
INSERT INTO `mind` VALUES ('1', '2019-03-18 12:51:43', '111', '5', '1');
INSERT INTO `mind` VALUES ('2', '2019-03-13 15:33:22', 'asdsdfdsfd', '0', '1');
INSERT INTO `mind` VALUES ('3', '2019-03-18 12:51:37', 'I love you', '2', '1');
INSERT INTO `mind` VALUES ('4', '2019-03-18 11:45:19', 'hello nice to meet you', '3', '6');
INSERT INTO `mind` VALUES ('5', '2019-03-18 12:36:12', 'test 4', '5', '1');
INSERT INTO `mind` VALUES ('6', '2019-03-16 22:21:17', '哈哈哈哈哈', '9', '1');
INSERT INTO `mind` VALUES ('7', '2019-03-18 12:49:31', '', '18', '1');
INSERT INTO `mind` VALUES ('8', '2019-03-18 12:52:04', '哈哈哈哈呵呵呵呵', '0', '1');
INSERT INTO `mind` VALUES ('9', '2019-03-18 16:45:53', '', '1', '1');
INSERT INTO `mind` VALUES ('10', '2019-03-18 16:45:30', '打的费', '2', '1');
INSERT INTO `mind` VALUES ('11', '2019-03-19 17:32:50', '大师傅', '8', '1');
INSERT INTO `mind` VALUES ('12', '2019-03-19 22:50:44', '666666', '7', '1');
INSERT INTO `mind` VALUES ('13', '2019-03-19 22:50:34', '77777777', '2', '1');
INSERT INTO `mind` VALUES ('14', '2019-03-20 17:20:37', 'first', '0', '9');
INSERT INTO `mind` VALUES ('15', '2019-03-20 21:26:12', 'hello', '1', '10');

-- ----------------------------
-- Table structure for mind_comment
-- ----------------------------
DROP TABLE IF EXISTS `mind_comment`;
CREATE TABLE `mind_comment` (
  `ID` int(11) NOT NULL AUTO_INCREMENT,
  `postDate` timestamp NULL DEFAULT CURRENT_TIMESTAMP ON UPDATE CURRENT_TIMESTAMP,
  `content` varchar(200) DEFAULT NULL,
  `mind_id` int(11) DEFAULT NULL,
  `critic_id` int(11) DEFAULT NULL,
  `critic_name` varchar(20) DEFAULT NULL,
  PRIMARY KEY (`ID`)
) ENGINE=InnoDB AUTO_INCREMENT=65 DEFAULT CHARSET=utf8;

-- ----------------------------
-- Records of mind_comment
-- ----------------------------
INSERT INTO `mind_comment` VALUES ('1', '2019-03-16 21:53:33', 'hello morning', '6', '1', 'admin');
INSERT INTO `mind_comment` VALUES ('2', '2019-03-16 21:53:33', '哈哈哈', '6', '1', 'admin');
INSERT INTO `mind_comment` VALUES ('3', '2019-03-16 21:53:33', '嘿嘿', '6', '1', 'admin');
INSERT INTO `mind_comment` VALUES ('4', '2019-03-16 21:53:33', '胜多负少的', '6', '1', 'admin');
INSERT INTO `mind_comment` VALUES ('5', '2019-03-16 21:53:33', '胜多负少的', '6', '1', 'admin');
INSERT INTO `mind_comment` VALUES ('6', '2019-03-16 21:53:33', '胜多负少的', '6', '1', 'admin');
INSERT INTO `mind_comment` VALUES ('7', '2019-03-16 21:53:33', 'thaks', '6', '1', 'admin');
INSERT INTO `mind_comment` VALUES ('8', '2019-03-16 21:53:33', 'thaks', '6', '1', 'admin');
INSERT INTO `mind_comment` VALUES ('9', '2019-03-16 21:53:33', 'thanks', '3', '1', 'admin');
INSERT INTO `mind_comment` VALUES ('10', '2019-03-16 21:53:33', 'thanks', '5', '1', 'admin');
INSERT INTO `mind_comment` VALUES ('11', '2019-03-16 22:01:48', 'hello morning', '5', '2', 'zhulixuan');
INSERT INTO `mind_comment` VALUES ('12', '2019-03-16 22:01:16', 'hello morning', '5', '2', 'zhulixuan');
INSERT INTO `mind_comment` VALUES ('13', '2019-03-16 22:21:17', '66666', '6', '1', 'admin');
INSERT INTO `mind_comment` VALUES ('14', '2019-03-16 23:43:17', 'give me fight.', '5', '1', 'admin');
INSERT INTO `mind_comment` VALUES ('15', '2019-03-17 10:05:59', 'hello nice to meet you,too', '4', '6', 'dandelion');
INSERT INTO `mind_comment` VALUES ('16', '2019-03-17 10:07:05', 'hello nice to meet you,too', '4', '6', 'dandelion');
INSERT INTO `mind_comment` VALUES ('17', '2019-03-18 11:19:43', 'gggg', '7', '1', 'admin');
INSERT INTO `mind_comment` VALUES ('18', '2019-03-18 11:20:53', 'hhh', '7', '1', 'admin');
INSERT INTO `mind_comment` VALUES ('19', '2019-03-18 11:45:19', 'hello nice to meet you,too', '4', '1', 'admin');
INSERT INTO `mind_comment` VALUES ('20', '2019-03-18 11:51:08', 'black', '7', '1', 'admin');
INSERT INTO `mind_comment` VALUES ('21', '2019-03-18 11:52:59', 'ffff', '7', '1', 'admin');
INSERT INTO `mind_comment` VALUES ('22', '2019-03-18 11:53:51', 'aaaa', '7', '1', 'admin');
INSERT INTO `mind_comment` VALUES ('23', '2019-03-18 11:54:45', 'dddd', '7', '1', 'admin');
INSERT INTO `mind_comment` VALUES ('24', '2019-03-18 12:34:38', 'xxxxxxx', '1', '1', 'admin');
INSERT INTO `mind_comment` VALUES ('25', '2019-03-18 12:35:12', 'fgdfgd', '1', '1', 'admin');
INSERT INTO `mind_comment` VALUES ('26', '2019-03-18 12:36:12', 'asd', '5', '1', 'admin');
INSERT INTO `mind_comment` VALUES ('27', '2019-03-18 12:36:21', 'sgasdf', '7', '1', 'admin');
INSERT INTO `mind_comment` VALUES ('28', '2019-03-18 12:36:48', 'sdfd', '7', '1', 'admin');
INSERT INTO `mind_comment` VALUES ('29', '2019-03-18 12:37:51', 'dfdsf', '7', '1', 'admin');
INSERT INTO `mind_comment` VALUES ('30', '2019-03-18 12:38:56', 'sad', '7', '1', 'admin');
INSERT INTO `mind_comment` VALUES ('31', '2019-03-18 12:41:15', 'DASD', '7', '1', 'admin');
INSERT INTO `mind_comment` VALUES ('32', '2019-03-18 12:43:06', '艾斯德斯的', '7', '1', 'admin');
INSERT INTO `mind_comment` VALUES ('33', '2019-03-18 12:44:16', '水电费', '7', '1', 'admin');
INSERT INTO `mind_comment` VALUES ('34', '2019-03-18 12:45:39', '防守打法', '7', '1', 'admin');
INSERT INTO `mind_comment` VALUES ('35', '2019-03-18 12:46:46', '电饭锅', '7', '1', 'admin');
INSERT INTO `mind_comment` VALUES ('36', '2019-03-18 12:48:38', '电饭锅', '7', '1', 'admin');
INSERT INTO `mind_comment` VALUES ('37', '2019-03-18 12:49:04', '去问问', '7', '1', 'admin');
INSERT INTO `mind_comment` VALUES ('38', '2019-03-18 12:49:31', '去问问2', '7', '1', 'admin');
INSERT INTO `mind_comment` VALUES ('39', '2019-03-18 12:50:06', '呜呜1', '1', '1', 'admin');
INSERT INTO `mind_comment` VALUES ('40', '2019-03-18 12:50:17', '呜呜2', '1', '1', 'admin');
INSERT INTO `mind_comment` VALUES ('41', '2019-03-18 12:51:37', '请问', '3', '1', 'admin');
INSERT INTO `mind_comment` VALUES ('42', '2019-03-18 12:51:43', '请问', '1', '1', 'admin');
INSERT INTO `mind_comment` VALUES ('43', '2019-03-18 16:18:00', 'qwerer', '11', '1', 'admin');
INSERT INTO `mind_comment` VALUES ('44', '2019-03-18 16:43:55', 'asdfsd', '11', '1', 'admin');
INSERT INTO `mind_comment` VALUES ('45', '2019-03-18 16:44:04', 'good!', '11', '1', 'admin');
INSERT INTO `mind_comment` VALUES ('47', '2019-03-18 16:45:30', 'sdafd', '10', '1', 'admin');
INSERT INTO `mind_comment` VALUES ('48', '2019-03-18 16:45:30', 'sdafd', '10', '1', 'admin');
INSERT INTO `mind_comment` VALUES ('49', '2019-03-18 16:45:52', 'sdafd', '9', '1', 'admin');
INSERT INTO `mind_comment` VALUES ('50', '2019-03-19 16:03:35', 'toto', '12', '1', 'admin');
INSERT INTO `mind_comment` VALUES ('51', '2019-03-19 17:03:28', '67777', '12', '1', 'admin');
INSERT INTO `mind_comment` VALUES ('52', '2019-03-19 17:04:10', '过后后悔和', '12', '1', 'admin');
INSERT INTO `mind_comment` VALUES ('53', '2019-03-19 17:04:29', '过后后悔和99999', '11', '1', 'admin');
INSERT INTO `mind_comment` VALUES ('54', '2019-03-19 17:08:06', '1111111', '12', '1', 'admin');
INSERT INTO `mind_comment` VALUES ('55', '2019-03-19 17:08:38', '555555', '12', '1', 'admin');
INSERT INTO `mind_comment` VALUES ('56', '2019-03-19 17:10:29', '555555', '11', '1', 'admin');
INSERT INTO `mind_comment` VALUES ('57', '2019-03-19 17:10:39', '6666', '11', '1', 'admin');
INSERT INTO `mind_comment` VALUES ('58', '2019-03-19 17:10:54', '7777', '11', '1', 'admin');
INSERT INTO `mind_comment` VALUES ('59', '2019-03-19 17:30:18', '111', '13', '1', 'admin');
INSERT INTO `mind_comment` VALUES ('60', '2019-03-19 17:30:37', '666', '12', '1', 'admin');
INSERT INTO `mind_comment` VALUES ('61', '2019-03-19 17:32:50', '8888', '11', '1', 'admin');
INSERT INTO `mind_comment` VALUES ('62', '2019-03-19 22:50:33', '112122', '13', '1', 'viming');
INSERT INTO `mind_comment` VALUES ('63', '2019-03-19 22:50:44', '112122', '12', '1', 'viming');
INSERT INTO `mind_comment` VALUES ('64', '2019-03-20 21:26:12', 'wwww11', '15', '10', 'wwww');

-- ----------------------------
-- Table structure for picture
-- ----------------------------
DROP TABLE IF EXISTS `picture`;
CREATE TABLE `picture` (
  `ID` int(11) NOT NULL AUTO_INCREMENT,
  `uploadDate` timestamp NULL DEFAULT CURRENT_TIMESTAMP ON UPDATE CURRENT_TIMESTAMP,
  `title` varchar(20) DEFAULT NULL,
  `description` varchar(30) DEFAULT NULL,
  `commentNum` int(11) DEFAULT '0',
  `user_id` int(11) NOT NULL,
  `category_id` int(11) DEFAULT NULL,
  PRIMARY KEY (`ID`)
) ENGINE=InnoDB DEFAULT CHARSET=utf8;

-- ----------------------------
-- Records of picture
-- ----------------------------

-- ----------------------------
-- Table structure for pic_category
-- ----------------------------
DROP TABLE IF EXISTS `pic_category`;
CREATE TABLE `pic_category` (
  `ID` int(11) NOT NULL AUTO_INCREMENT,
  `title` varchar(20) DEFAULT NULL,
  `picNum` int(11) DEFAULT NULL,
  `pic_id` int(11) DEFAULT NULL,
  PRIMARY KEY (`ID`)
) ENGINE=InnoDB DEFAULT CHARSET=utf8;

-- ----------------------------
-- Records of pic_category
-- ----------------------------

-- ----------------------------
-- Table structure for pic_comment
-- ----------------------------
DROP TABLE IF EXISTS `pic_comment`;
CREATE TABLE `pic_comment` (
  `ID` int(11) NOT NULL AUTO_INCREMENT,
  `postDate` timestamp NULL DEFAULT CURRENT_TIMESTAMP ON UPDATE CURRENT_TIMESTAMP,
  `content` varchar(200) DEFAULT NULL,
  `pic_id` int(11) DEFAULT NULL,
  PRIMARY KEY (`ID`)
) ENGINE=InnoDB DEFAULT CHARSET=utf8;

-- ----------------------------
-- Records of pic_comment
-- ----------------------------

-- ----------------------------
-- Table structure for user
-- ----------------------------
DROP TABLE IF EXISTS `user`;
CREATE TABLE `user` (
  `ID` int(11) NOT NULL AUTO_INCREMENT,
  `username` varchar(20) DEFAULT NULL,
  `password` varchar(20) DEFAULT NULL,
  `email` varchar(20) DEFAULT NULL,
  `registTime` timestamp NULL DEFAULT CURRENT_TIMESTAMP ON UPDATE CURRENT_TIMESTAMP,
  PRIMARY KEY (`ID`)
) ENGINE=InnoDB AUTO_INCREMENT=11 DEFAULT CHARSET=utf8;

-- ----------------------------
-- Records of user
-- ----------------------------
INSERT INTO `user` VALUES ('1', 'viming', '12345', 'vimiming@gmail.com', '2019-03-19 22:03:00');
INSERT INTO `user` VALUES ('2', 'zhulixuan', 'stupidone', 'zhulixuan@gmail.com', '2019-03-06 16:06:26');
INSERT INTO `user` VALUES ('3', 'zhulixuan', 'stupidone', 'zhulixuan@163.com', '2019-03-06 16:49:39');
INSERT INTO `user` VALUES ('4', 'zhulixuan', 'stupidone', 'zhulixuan@126.com', '2019-03-06 16:51:45');
INSERT INTO `user` VALUES ('5', 'zhulixuan', 'stupidone', 'zhulixuan@hh.com', '2019-03-06 16:54:19');
INSERT INTO `user` VALUES ('6', 'dandelion', '54321', 'dandelion@gmail.com', '2019-03-19 20:39:09');
INSERT INTO `user` VALUES ('7', '', '', '', '2019-03-20 17:08:12');
INSERT INTO `user` VALUES ('8', 'eeeee', 'stupidone', 'wwww@gmail.com', '2019-03-20 17:19:28');
INSERT INTO `user` VALUES ('9', 'wwww', 'stupidone', 'ererer@gmail.com', '2019-03-20 17:20:05');
INSERT INTO `user` VALUES ('10', 'wwww', 'stupidone', 'lixuanhhh@126.com', '2019-03-20 20:35:24');
